{"cameraMode":{"drawMode":0,"name":"Shaded","section":"Shading Mode"},"sceneLighting":true,"audioPlay":false,"sceneViewState":{"showFog":true,"showMaterialUpdate":false,"showSkybox":true,"showFlares":true,"showImageEffects":true,"showParticleSystems":true},"in2DMode":false,"pivot":{"x":0.37108612060546877,"y":0.4059419631958008,"z":1.6908433437347413},"rotation":{"x":-0.05069280415773392,"y":-0.15161381661891938,"z":0.007786265108734369,"w":-0.9871095418930054},"size":0.921078622341156,"orthographic":false}