{"cameraMode":{"drawMode":0,"name":"Shaded","section":"Shading Mode"},"sceneLighting":false,"audioPlay":false,"sceneViewState":{"showFog":true,"showMaterialUpdate":false,"showSkybox":false,"showFlares":true,"showImageEffects":true,"showParticleSystems":true},"in2DMode":false,"pivot":{"x":-0.06776395440101624,"y":0.04072147607803345,"z":0.09347856789827347},"rotation":{"x":-0.1693798154592514,"y":0.6901801228523254,"z":-0.17132170498371125,"w":-0.6823575496673584},"size":0.8340651392936707,"orthographic":false}